artist,url
Ed Sheeran,https://genius.com/Ed-sheeran-shape-of-you-lyrics
Ed Sheeran,https://genius.com/Ed-sheeran-thinking-out-loud-lyrics
Ed Sheeran,https://genius.com/Ed-sheeran-photograph-lyrics
Ed Sheeran,https://genius.com/Ed-sheeran-dont-lyrics
Ed Sheeran,https://genius.com/Ed-sheeran-perfect-lyrics
Ed Sheeran,https://genius.com/Ed-sheeran-galway-girl-lyrics
The Weeknd,https://genius.com/The-weeknd-cant-feel-my-face-lyrics
The Weeknd,https://genius.com/The-weeknd-the-hills-lyrics
The Weeknd,https://genius.com/The-weeknd-often-lyrics
The Weeknd,https://genius.com/The-chainsmokers-closer-lyrics
The Weeknd,https://genius.com/The-weeknd-starboy-lyrics
The Weeknd,https://genius.com/The-weeknd-call-out-my-name-lyrics
Kendrick Lamar,https://genius.com/Kendrick-lamar-humble-lyrics
Kendrick Lamar,https://genius.com/Kendrick-lamar-untitled-02-06232014-lyrics
Kendrick Lamar,https://genius.com/Kendrick-lamar-dna-lyrics
Kendrick Lamar,https://genius.com/Kendrick-lamar-xxx-lyrics
Kendrick Lamar,https://genius.com/Kendrick-lamar-maad-city-lyrics
Kendrick Lamar,https://genius.com/Kendrick-lamar-king-kunta-lyrics